Sentiment,Avg_Likes,Avg_Retweets
Neutral,88.21621621621621,24.7027027027027
Positive,72.83333333333333,22.5
Negative,59.75757575757576,29.393939393939394
