AgeGroup,Avg_Likes,Avg_Retweets
Senior,85.63333333333334,26.066666666666666
Adult,85.0909090909091,32.90909090909091
Teen,67.08163265306122,23.367346938775512
